id,angle
0,"tensor(307, dtype=torch.int32)"
1,"tensor(88, dtype=torch.int32)"
2,"tensor(150, dtype=torch.int32)"
3,"tensor(298, dtype=torch.int32)"
4,"tensor(310, dtype=torch.int32)"
5,"tensor(337, dtype=torch.int32)"
6,"tensor(282, dtype=torch.int32)"
7,"tensor(314, dtype=torch.int32)"
8,"tensor(32, dtype=torch.int32)"
9,"tensor(295, dtype=torch.int32)"
10,"tensor(266, dtype=torch.int32)"
11,"tensor(230, dtype=torch.int32)"
12,"tensor(84, dtype=torch.int32)"
13,"tensor(114, dtype=torch.int32)"
14,"tensor(270, dtype=torch.int32)"
15,"tensor(230, dtype=torch.int32)"
16,"tensor(44, dtype=torch.int32)"
17,"tensor(85, dtype=torch.int32)"
18,"tensor(343, dtype=torch.int32)"
19,"tensor(113, dtype=torch.int32)"
20,"tensor(326, dtype=torch.int32)"
21,"tensor(37, dtype=torch.int32)"
22,"tensor(197, dtype=torch.int32)"
23,"tensor(215, dtype=torch.int32)"
24,"tensor(281, dtype=torch.int32)"
25,"tensor(115, dtype=torch.int32)"
26,"tensor(286, dtype=torch.int32)"
27,"tensor(323, dtype=torch.int32)"
28,"tensor(281, dtype=torch.int32)"
29,"tensor(112, dtype=torch.int32)"
30,"tensor(337, dtype=torch.int32)"
31,"tensor(355, dtype=torch.int32)"
32,"tensor(108, dtype=torch.int32)"
33,"tensor(21, dtype=torch.int32)"
34,"tensor(210, dtype=torch.int32)"
35,"tensor(300, dtype=torch.int32)"
36,"tensor(295, dtype=torch.int32)"
37,"tensor(9, dtype=torch.int32)"
38,"tensor(31, dtype=torch.int32)"
39,"tensor(117, dtype=torch.int32)"
40,"tensor(252, dtype=torch.int32)"
41,"tensor(280, dtype=torch.int32)"
42,"tensor(95, dtype=torch.int32)"
43,"tensor(97, dtype=torch.int32)"
44,"tensor(13, dtype=torch.int32)"
45,"tensor(326, dtype=torch.int32)"
46,"tensor(343, dtype=torch.int32)"
47,"tensor(64, dtype=torch.int32)"
48,"tensor(0, dtype=torch.int32)"
49,"tensor(293, dtype=torch.int32)"
50,"tensor(56, dtype=torch.int32)"
51,"tensor(311, dtype=torch.int32)"
52,"tensor(311, dtype=torch.int32)"
53,"tensor(227, dtype=torch.int32)"
54,"tensor(103, dtype=torch.int32)"
55,"tensor(54, dtype=torch.int32)"
56,"tensor(128, dtype=torch.int32)"
57,"tensor(196, dtype=torch.int32)"
58,"tensor(312, dtype=torch.int32)"
59,"tensor(293, dtype=torch.int32)"
60,"tensor(140, dtype=torch.int32)"
61,"tensor(339, dtype=torch.int32)"
62,"tensor(147, dtype=torch.int32)"
63,"tensor(16, dtype=torch.int32)"
64,"tensor(75, dtype=torch.int32)"
65,"tensor(144, dtype=torch.int32)"
66,"tensor(95, dtype=torch.int32)"
67,"tensor(77, dtype=torch.int32)"
68,"tensor(256, dtype=torch.int32)"
69,"tensor(349, dtype=torch.int32)"
70,"tensor(298, dtype=torch.int32)"
71,"tensor(68, dtype=torch.int32)"
72,"tensor(291, dtype=torch.int32)"
73,"tensor(321, dtype=torch.int32)"
74,"tensor(60, dtype=torch.int32)"
75,"tensor(304, dtype=torch.int32)"
76,"tensor(302, dtype=torch.int32)"
77,"tensor(210, dtype=torch.int32)"
78,"tensor(169, dtype=torch.int32)"
79,"tensor(15, dtype=torch.int32)"
80,"tensor(29, dtype=torch.int32)"
81,"tensor(30, dtype=torch.int32)"
82,"tensor(147, dtype=torch.int32)"
83,"tensor(128, dtype=torch.int32)"
84,"tensor(86, dtype=torch.int32)"
85,"tensor(82, dtype=torch.int32)"
86,"tensor(353, dtype=torch.int32)"
87,"tensor(38, dtype=torch.int32)"
88,"tensor(356, dtype=torch.int32)"
89,"tensor(131, dtype=torch.int32)"
90,"tensor(91, dtype=torch.int32)"
91,"tensor(315, dtype=torch.int32)"
92,"tensor(354, dtype=torch.int32)"
93,"tensor(171, dtype=torch.int32)"
94,"tensor(137, dtype=torch.int32)"
95,"tensor(242, dtype=torch.int32)"
96,"tensor(150, dtype=torch.int32)"
97,"tensor(21, dtype=torch.int32)"
98,"tensor(60, dtype=torch.int32)"
99,"tensor(48, dtype=torch.int32)"
100,"tensor(86, dtype=torch.int32)"
101,"tensor(6, dtype=torch.int32)"
102,"tensor(146, dtype=torch.int32)"
103,"tensor(171, dtype=torch.int32)"
104,"tensor(100, dtype=torch.int32)"
105,"tensor(35, dtype=torch.int32)"
106,"tensor(138, dtype=torch.int32)"
107,"tensor(182, dtype=torch.int32)"
108,"tensor(326, dtype=torch.int32)"
109,"tensor(125, dtype=torch.int32)"
110,"tensor(221, dtype=torch.int32)"
111,"tensor(162, dtype=torch.int32)"
112,"tensor(304, dtype=torch.int32)"
113,"tensor(164, dtype=torch.int32)"
114,"tensor(163, dtype=torch.int32)"
115,"tensor(259, dtype=torch.int32)"
116,"tensor(83, dtype=torch.int32)"
117,"tensor(126, dtype=torch.int32)"
118,"tensor(268, dtype=torch.int32)"
119,"tensor(20, dtype=torch.int32)"
120,"tensor(359, dtype=torch.int32)"
121,"tensor(258, dtype=torch.int32)"
122,"tensor(216, dtype=torch.int32)"
123,"tensor(172, dtype=torch.int32)"
124,"tensor(280, dtype=torch.int32)"
125,"tensor(123, dtype=torch.int32)"
126,"tensor(132, dtype=torch.int32)"
127,"tensor(42, dtype=torch.int32)"
128,"tensor(179, dtype=torch.int32)"
129,"tensor(308, dtype=torch.int32)"
130,"tensor(323, dtype=torch.int32)"
131,"tensor(152, dtype=torch.int32)"
132,"tensor(266, dtype=torch.int32)"
133,"tensor(35, dtype=torch.int32)"
134,"tensor(260, dtype=torch.int32)"
135,"tensor(224, dtype=torch.int32)"
136,"tensor(310, dtype=torch.int32)"
137,"tensor(355, dtype=torch.int32)"
138,"tensor(213, dtype=torch.int32)"
139,"tensor(295, dtype=torch.int32)"
140,"tensor(10, dtype=torch.int32)"
141,"tensor(304, dtype=torch.int32)"
142,"tensor(87, dtype=torch.int32)"
143,"tensor(348, dtype=torch.int32)"
144,"tensor(322, dtype=torch.int32)"
145,"tensor(313, dtype=torch.int32)"
146,"tensor(134, dtype=torch.int32)"
147,"tensor(118, dtype=torch.int32)"
148,"tensor(90, dtype=torch.int32)"
149,"tensor(65, dtype=torch.int32)"
150,"tensor(107, dtype=torch.int32)"
151,"tensor(347, dtype=torch.int32)"
152,"tensor(124, dtype=torch.int32)"
153,"tensor(90, dtype=torch.int32)"
154,"tensor(260, dtype=torch.int32)"
155,"tensor(133, dtype=torch.int32)"
156,"tensor(165, dtype=torch.int32)"
157,"tensor(263, dtype=torch.int32)"
158,"tensor(251, dtype=torch.int32)"
159,"tensor(316, dtype=torch.int32)"
160,"tensor(34, dtype=torch.int32)"
161,"tensor(188, dtype=torch.int32)"
162,"tensor(120, dtype=torch.int32)"
163,"tensor(161, dtype=torch.int32)"
164,"tensor(327, dtype=torch.int32)"
165,"tensor(224, dtype=torch.int32)"
166,"tensor(348, dtype=torch.int32)"
167,"tensor(351, dtype=torch.int32)"
168,"tensor(217, dtype=torch.int32)"
169,"tensor(338, dtype=torch.int32)"
170,"tensor(278, dtype=torch.int32)"
171,"tensor(269, dtype=torch.int32)"
172,"tensor(70, dtype=torch.int32)"
173,"tensor(212, dtype=torch.int32)"
174,"tensor(3, dtype=torch.int32)"
175,"tensor(345, dtype=torch.int32)"
176,"tensor(137, dtype=torch.int32)"
177,"tensor(133, dtype=torch.int32)"
178,"tensor(88, dtype=torch.int32)"
179,"tensor(308, dtype=torch.int32)"
180,"tensor(56, dtype=torch.int32)"
181,"tensor(304, dtype=torch.int32)"
182,"tensor(319, dtype=torch.int32)"
183,"tensor(10, dtype=torch.int32)"
184,"tensor(11, dtype=torch.int32)"
185,"tensor(51, dtype=torch.int32)"
186,"tensor(271, dtype=torch.int32)"
187,"tensor(243, dtype=torch.int32)"
188,"tensor(76, dtype=torch.int32)"
189,"tensor(229, dtype=torch.int32)"
190,"tensor(360, dtype=torch.int32)"
191,"tensor(206, dtype=torch.int32)"
192,"tensor(88, dtype=torch.int32)"
193,"tensor(263, dtype=torch.int32)"
194,"tensor(122, dtype=torch.int32)"
195,"tensor(342, dtype=torch.int32)"
196,"tensor(354, dtype=torch.int32)"
197,"tensor(163, dtype=torch.int32)"
198,"tensor(166, dtype=torch.int32)"
199,"tensor(322, dtype=torch.int32)"
200,"tensor(353, dtype=torch.int32)"
201,"tensor(42, dtype=torch.int32)"
202,"tensor(205, dtype=torch.int32)"
203,"tensor(93, dtype=torch.int32)"
204,"tensor(102, dtype=torch.int32)"
205,"tensor(308, dtype=torch.int32)"
206,"tensor(340, dtype=torch.int32)"
207,"tensor(65, dtype=torch.int32)"
208,"tensor(89, dtype=torch.int32)"
209,"tensor(68, dtype=torch.int32)"
210,"tensor(137, dtype=torch.int32)"
211,"tensor(130, dtype=torch.int32)"
212,"tensor(358, dtype=torch.int32)"
213,"tensor(85, dtype=torch.int32)"
214,"tensor(245, dtype=torch.int32)"
215,"tensor(281, dtype=torch.int32)"
216,"tensor(110, dtype=torch.int32)"
217,"tensor(53, dtype=torch.int32)"
218,"tensor(164, dtype=torch.int32)"
219,"tensor(304, dtype=torch.int32)"
220,"tensor(304, dtype=torch.int32)"
221,"tensor(342, dtype=torch.int32)"
222,"tensor(350, dtype=torch.int32)"
223,"tensor(61, dtype=torch.int32)"
224,"tensor(314, dtype=torch.int32)"
225,"tensor(120, dtype=torch.int32)"
226,"tensor(139, dtype=torch.int32)"
227,"tensor(218, dtype=torch.int32)"
228,"tensor(246, dtype=torch.int32)"
229,"tensor(18, dtype=torch.int32)"
230,"tensor(223, dtype=torch.int32)"
231,"tensor(359, dtype=torch.int32)"
232,"tensor(128, dtype=torch.int32)"
233,"tensor(355, dtype=torch.int32)"
234,"tensor(156, dtype=torch.int32)"
235,"tensor(2, dtype=torch.int32)"
236,"tensor(53, dtype=torch.int32)"
237,"tensor(177, dtype=torch.int32)"
238,"tensor(208, dtype=torch.int32)"
239,"tensor(136, dtype=torch.int32)"
240,"tensor(11, dtype=torch.int32)"
241,"tensor(43, dtype=torch.int32)"
242,"tensor(11, dtype=torch.int32)"
243,"tensor(119, dtype=torch.int32)"
244,"tensor(306, dtype=torch.int32)"
245,"tensor(123, dtype=torch.int32)"
246,"tensor(72, dtype=torch.int32)"
247,"tensor(308, dtype=torch.int32)"
248,"tensor(173, dtype=torch.int32)"
249,"tensor(239, dtype=torch.int32)"
250,"tensor(71, dtype=torch.int32)"
251,"tensor(147, dtype=torch.int32)"
252,"tensor(317, dtype=torch.int32)"
253,"tensor(333, dtype=torch.int32)"
254,"tensor(104, dtype=torch.int32)"
255,"tensor(21, dtype=torch.int32)"
256,"tensor(108, dtype=torch.int32)"
257,"tensor(216, dtype=torch.int32)"
258,"tensor(85, dtype=torch.int32)"
259,"tensor(34, dtype=torch.int32)"
260,"tensor(51, dtype=torch.int32)"
261,"tensor(242, dtype=torch.int32)"
262,"tensor(266, dtype=torch.int32)"
263,"tensor(253, dtype=torch.int32)"
264,"tensor(340, dtype=torch.int32)"
265,"tensor(284, dtype=torch.int32)"
266,"tensor(101, dtype=torch.int32)"
267,"tensor(133, dtype=torch.int32)"
268,"tensor(344, dtype=torch.int32)"
269,"tensor(359, dtype=torch.int32)"
270,"tensor(273, dtype=torch.int32)"
271,"tensor(44, dtype=torch.int32)"
272,"tensor(192, dtype=torch.int32)"
273,"tensor(157, dtype=torch.int32)"
274,"tensor(247, dtype=torch.int32)"
275,"tensor(99, dtype=torch.int32)"
276,"tensor(233, dtype=torch.int32)"
277,"tensor(229, dtype=torch.int32)"
278,"tensor(46, dtype=torch.int32)"
279,"tensor(90, dtype=torch.int32)"
280,"tensor(341, dtype=torch.int32)"
281,"tensor(211, dtype=torch.int32)"
282,"tensor(177, dtype=torch.int32)"
283,"tensor(54, dtype=torch.int32)"
284,"tensor(205, dtype=torch.int32)"
285,"tensor(42, dtype=torch.int32)"
286,"tensor(189, dtype=torch.int32)"
287,"tensor(1, dtype=torch.int32)"
288,"tensor(187, dtype=torch.int32)"
289,"tensor(313, dtype=torch.int32)"
290,"tensor(347, dtype=torch.int32)"
291,"tensor(294, dtype=torch.int32)"
292,"tensor(46, dtype=torch.int32)"
293,"tensor(255, dtype=torch.int32)"
294,"tensor(156, dtype=torch.int32)"
295,"tensor(214, dtype=torch.int32)"
296,"tensor(113, dtype=torch.int32)"
297,"tensor(213, dtype=torch.int32)"
298,"tensor(228, dtype=torch.int32)"
299,"tensor(246, dtype=torch.int32)"
300,"tensor(352, dtype=torch.int32)"
301,"tensor(257, dtype=torch.int32)"
302,"tensor(300, dtype=torch.int32)"
303,"tensor(130, dtype=torch.int32)"
304,"tensor(161, dtype=torch.int32)"
305,"tensor(116, dtype=torch.int32)"
306,"tensor(137, dtype=torch.int32)"
307,"tensor(291, dtype=torch.int32)"
308,"tensor(291, dtype=torch.int32)"
309,"tensor(74, dtype=torch.int32)"
310,"tensor(301, dtype=torch.int32)"
311,"tensor(196, dtype=torch.int32)"
312,"tensor(88, dtype=torch.int32)"
313,"tensor(6, dtype=torch.int32)"
314,"tensor(344, dtype=torch.int32)"
315,"tensor(36, dtype=torch.int32)"
316,"tensor(342, dtype=torch.int32)"
317,"tensor(51, dtype=torch.int32)"
318,"tensor(19, dtype=torch.int32)"
319,"tensor(134, dtype=torch.int32)"
320,"tensor(161, dtype=torch.int32)"
321,"tensor(156, dtype=torch.int32)"
322,"tensor(312, dtype=torch.int32)"
323,"tensor(247, dtype=torch.int32)"
324,"tensor(203, dtype=torch.int32)"
325,"tensor(46, dtype=torch.int32)"
326,"tensor(238, dtype=torch.int32)"
327,"tensor(185, dtype=torch.int32)"
328,"tensor(343, dtype=torch.int32)"
329,"tensor(59, dtype=torch.int32)"
330,"tensor(32, dtype=torch.int32)"
331,"tensor(137, dtype=torch.int32)"
332,"tensor(26, dtype=torch.int32)"
333,"tensor(119, dtype=torch.int32)"
334,"tensor(160, dtype=torch.int32)"
335,"tensor(88, dtype=torch.int32)"
336,"tensor(13, dtype=torch.int32)"
337,"tensor(11, dtype=torch.int32)"
338,"tensor(327, dtype=torch.int32)"
339,"tensor(53, dtype=torch.int32)"
340,"tensor(249, dtype=torch.int32)"
341,"tensor(288, dtype=torch.int32)"
342,"tensor(264, dtype=torch.int32)"
343,"tensor(152, dtype=torch.int32)"
344,"tensor(187, dtype=torch.int32)"
345,"tensor(160, dtype=torch.int32)"
346,"tensor(39, dtype=torch.int32)"
347,"tensor(124, dtype=torch.int32)"
348,"tensor(121, dtype=torch.int32)"
349,"tensor(70, dtype=torch.int32)"
350,"tensor(51, dtype=torch.int32)"
351,"tensor(340, dtype=torch.int32)"
352,"tensor(126, dtype=torch.int32)"
353,"tensor(48, dtype=torch.int32)"
354,"tensor(97, dtype=torch.int32)"
355,"tensor(245, dtype=torch.int32)"
356,"tensor(176, dtype=torch.int32)"
357,"tensor(263, dtype=torch.int32)"
358,"tensor(116, dtype=torch.int32)"
359,"tensor(44, dtype=torch.int32)"
360,"tensor(73, dtype=torch.int32)"
361,"tensor(42, dtype=torch.int32)"
362,"tensor(36, dtype=torch.int32)"
363,"tensor(136, dtype=torch.int32)"
364,"tensor(133, dtype=torch.int32)"
365,"tensor(132, dtype=torch.int32)"
366,"tensor(312, dtype=torch.int32)"
367,"tensor(218, dtype=torch.int32)"
368,"tensor(104, dtype=torch.int32)"
369,"tensor(110, dtype=torch.int32)"
370,"tensor(101, dtype=torch.int32)"
371,"tensor(163, dtype=torch.int32)"
372,"tensor(327, dtype=torch.int32)"
373,"tensor(106, dtype=torch.int32)"
374,"tensor(261, dtype=torch.int32)"
375,"tensor(208, dtype=torch.int32)"
376,"tensor(64, dtype=torch.int32)"
377,"tensor(286, dtype=torch.int32)"
378,"tensor(99, dtype=torch.int32)"
379,"tensor(187, dtype=torch.int32)"
380,"tensor(1, dtype=torch.int32)"
381,"tensor(157, dtype=torch.int32)"
382,"tensor(23, dtype=torch.int32)"
383,"tensor(7, dtype=torch.int32)"
384,"tensor(39, dtype=torch.int32)"
385,"tensor(69, dtype=torch.int32)"
386,"tensor(41, dtype=torch.int32)"
387,"tensor(247, dtype=torch.int32)"
388,"tensor(288, dtype=torch.int32)"
389,"tensor(301, dtype=torch.int32)"
390,"tensor(25, dtype=torch.int32)"
391,"tensor(47, dtype=torch.int32)"
392,"tensor(327, dtype=torch.int32)"
393,"tensor(215, dtype=torch.int32)"
394,"tensor(278, dtype=torch.int32)"
395,"tensor(225, dtype=torch.int32)"
396,"tensor(8, dtype=torch.int32)"
397,"tensor(269, dtype=torch.int32)"
398,"tensor(163, dtype=torch.int32)"
399,"tensor(160, dtype=torch.int32)"
400,"tensor(131, dtype=torch.int32)"
401,"tensor(160, dtype=torch.int32)"
402,"tensor(304, dtype=torch.int32)"
403,"tensor(307, dtype=torch.int32)"
404,"tensor(275, dtype=torch.int32)"
405,"tensor(227, dtype=torch.int32)"
406,"tensor(251, dtype=torch.int32)"
407,"tensor(23, dtype=torch.int32)"
408,"tensor(292, dtype=torch.int32)"
409,"tensor(338, dtype=torch.int32)"
410,"tensor(287, dtype=torch.int32)"
411,"tensor(93, dtype=torch.int32)"
412,"tensor(213, dtype=torch.int32)"
413,"tensor(252, dtype=torch.int32)"
414,"tensor(219, dtype=torch.int32)"
415,"tensor(252, dtype=torch.int32)"
416,"tensor(170, dtype=torch.int32)"
417,"tensor(224, dtype=torch.int32)"
418,"tensor(339, dtype=torch.int32)"
419,"tensor(203, dtype=torch.int32)"
420,"tensor(44, dtype=torch.int32)"
421,"tensor(133, dtype=torch.int32)"
422,"tensor(212, dtype=torch.int32)"
423,"tensor(157, dtype=torch.int32)"
424,"tensor(81, dtype=torch.int32)"
425,"tensor(359, dtype=torch.int32)"
426,"tensor(133, dtype=torch.int32)"
427,"tensor(301, dtype=torch.int32)"
428,"tensor(106, dtype=torch.int32)"
429,"tensor(139, dtype=torch.int32)"
430,"tensor(115, dtype=torch.int32)"
431,"tensor(236, dtype=torch.int32)"
432,"tensor(221, dtype=torch.int32)"
433,"tensor(230, dtype=torch.int32)"
434,"tensor(183, dtype=torch.int32)"
435,"tensor(31, dtype=torch.int32)"
436,"tensor(187, dtype=torch.int32)"
437,"tensor(10, dtype=torch.int32)"
438,"tensor(300, dtype=torch.int32)"
439,"tensor(13, dtype=torch.int32)"
440,"tensor(344, dtype=torch.int32)"
441,"tensor(91, dtype=torch.int32)"
442,"tensor(131, dtype=torch.int32)"
443,"tensor(124, dtype=torch.int32)"
444,"tensor(108, dtype=torch.int32)"
445,"tensor(98, dtype=torch.int32)"
446,"tensor(332, dtype=torch.int32)"
447,"tensor(216, dtype=torch.int32)"
448,"tensor(217, dtype=torch.int32)"
449,"tensor(253, dtype=torch.int32)"
450,"tensor(72, dtype=torch.int32)"
451,"tensor(288, dtype=torch.int32)"
452,"tensor(160, dtype=torch.int32)"
453,"tensor(288, dtype=torch.int32)"
454,"tensor(297, dtype=torch.int32)"
455,"tensor(5, dtype=torch.int32)"
456,"tensor(134, dtype=torch.int32)"
457,"tensor(291, dtype=torch.int32)"
458,"tensor(41, dtype=torch.int32)"
459,"tensor(157, dtype=torch.int32)"
460,"tensor(41, dtype=torch.int32)"
461,"tensor(208, dtype=torch.int32)"
462,"tensor(46, dtype=torch.int32)"
463,"tensor(219, dtype=torch.int32)"
464,"tensor(149, dtype=torch.int32)"
465,"tensor(204, dtype=torch.int32)"
466,"tensor(289, dtype=torch.int32)"
467,"tensor(330, dtype=torch.int32)"
468,"tensor(250, dtype=torch.int32)"
469,"tensor(256, dtype=torch.int32)"
470,"tensor(217, dtype=torch.int32)"
471,"tensor(331, dtype=torch.int32)"
472,"tensor(102, dtype=torch.int32)"
473,"tensor(52, dtype=torch.int32)"
474,"tensor(114, dtype=torch.int32)"
475,"tensor(127, dtype=torch.int32)"
476,"tensor(308, dtype=torch.int32)"
477,"tensor(343, dtype=torch.int32)"
478,"tensor(347, dtype=torch.int32)"
479,"tensor(274, dtype=torch.int32)"
480,"tensor(307, dtype=torch.int32)"
481,"tensor(339, dtype=torch.int32)"
482,"tensor(114, dtype=torch.int32)"
483,"tensor(257, dtype=torch.int32)"
484,"tensor(35, dtype=torch.int32)"
485,"tensor(269, dtype=torch.int32)"
486,"tensor(254, dtype=torch.int32)"
487,"tensor(193, dtype=torch.int32)"
488,"tensor(298, dtype=torch.int32)"
489,"tensor(12, dtype=torch.int32)"
490,"tensor(119, dtype=torch.int32)"
491,"tensor(184, dtype=torch.int32)"
492,"tensor(289, dtype=torch.int32)"
493,"tensor(215, dtype=torch.int32)"
494,"tensor(228, dtype=torch.int32)"
495,"tensor(281, dtype=torch.int32)"
496,"tensor(351, dtype=torch.int32)"
497,"tensor(92, dtype=torch.int32)"
498,"tensor(137, dtype=torch.int32)"
499,"tensor(45, dtype=torch.int32)"
500,"tensor(320, dtype=torch.int32)"
501,"tensor(209, dtype=torch.int32)"
502,"tensor(237, dtype=torch.int32)"
503,"tensor(325, dtype=torch.int32)"
504,"tensor(348, dtype=torch.int32)"
505,"tensor(253, dtype=torch.int32)"
506,"tensor(353, dtype=torch.int32)"
507,"tensor(40, dtype=torch.int32)"
508,"tensor(224, dtype=torch.int32)"
509,"tensor(236, dtype=torch.int32)"
510,"tensor(188, dtype=torch.int32)"
511,"tensor(324, dtype=torch.int32)"
512,"tensor(156, dtype=torch.int32)"
513,"tensor(218, dtype=torch.int32)"
514,"tensor(174, dtype=torch.int32)"
515,"tensor(35, dtype=torch.int32)"
516,"tensor(249, dtype=torch.int32)"
517,"tensor(34, dtype=torch.int32)"
518,"tensor(16, dtype=torch.int32)"
519,"tensor(215, dtype=torch.int32)"
520,"tensor(232, dtype=torch.int32)"
521,"tensor(99, dtype=torch.int32)"
522,"tensor(118, dtype=torch.int32)"
523,"tensor(155, dtype=torch.int32)"
524,"tensor(296, dtype=torch.int32)"
525,"tensor(216, dtype=torch.int32)"
526,"tensor(151, dtype=torch.int32)"
527,"tensor(103, dtype=torch.int32)"
528,"tensor(297, dtype=torch.int32)"
529,"tensor(29, dtype=torch.int32)"
530,"tensor(297, dtype=torch.int32)"
531,"tensor(44, dtype=torch.int32)"
532,"tensor(77, dtype=torch.int32)"
533,"tensor(302, dtype=torch.int32)"
534,"tensor(306, dtype=torch.int32)"
535,"tensor(116, dtype=torch.int32)"
536,"tensor(131, dtype=torch.int32)"
537,"tensor(190, dtype=torch.int32)"
538,"tensor(137, dtype=torch.int32)"
539,"tensor(121, dtype=torch.int32)"
540,"tensor(312, dtype=torch.int32)"
541,"tensor(221, dtype=torch.int32)"
542,"tensor(290, dtype=torch.int32)"
543,"tensor(310, dtype=torch.int32)"
544,"tensor(103, dtype=torch.int32)"
545,"tensor(31, dtype=torch.int32)"
546,"tensor(217, dtype=torch.int32)"
547,"tensor(291, dtype=torch.int32)"
548,"tensor(298, dtype=torch.int32)"
549,"tensor(13, dtype=torch.int32)"
550,"tensor(31, dtype=torch.int32)"
551,"tensor(100, dtype=torch.int32)"
552,"tensor(298, dtype=torch.int32)"
553,"tensor(6, dtype=torch.int32)"
554,"tensor(180, dtype=torch.int32)"
555,"tensor(190, dtype=torch.int32)"
556,"tensor(140, dtype=torch.int32)"
557,"tensor(328, dtype=torch.int32)"
558,"tensor(120, dtype=torch.int32)"
559,"tensor(302, dtype=torch.int32)"
560,"tensor(320, dtype=torch.int32)"
561,"tensor(325, dtype=torch.int32)"
562,"tensor(51, dtype=torch.int32)"
563,"tensor(304, dtype=torch.int32)"
564,"tensor(255, dtype=torch.int32)"
565,"tensor(232, dtype=torch.int32)"
566,"tensor(25, dtype=torch.int32)"
567,"tensor(2, dtype=torch.int32)"
568,"tensor(55, dtype=torch.int32)"
569,"tensor(282, dtype=torch.int32)"
570,"tensor(253, dtype=torch.int32)"
571,"tensor(216, dtype=torch.int32)"
572,"tensor(297, dtype=torch.int32)"
573,"tensor(16, dtype=torch.int32)"
574,"tensor(93, dtype=torch.int32)"
575,"tensor(236, dtype=torch.int32)"
576,"tensor(359, dtype=torch.int32)"
577,"tensor(189, dtype=torch.int32)"
578,"tensor(42, dtype=torch.int32)"
579,"tensor(234, dtype=torch.int32)"
580,"tensor(200, dtype=torch.int32)"
581,"tensor(300, dtype=torch.int32)"
582,"tensor(125, dtype=torch.int32)"
583,"tensor(65, dtype=torch.int32)"
584,"tensor(357, dtype=torch.int32)"
585,"tensor(299, dtype=torch.int32)"
586,"tensor(91, dtype=torch.int32)"
587,"tensor(260, dtype=torch.int32)"
588,"tensor(140, dtype=torch.int32)"
589,"tensor(100, dtype=torch.int32)"
590,"tensor(31, dtype=torch.int32)"
591,"tensor(9, dtype=torch.int32)"
592,"tensor(132, dtype=torch.int32)"
593,"tensor(31, dtype=torch.int32)"
594,"tensor(331, dtype=torch.int32)"
595,"tensor(242, dtype=torch.int32)"
596,"tensor(77, dtype=torch.int32)"
597,"tensor(148, dtype=torch.int32)"
598,"tensor(343, dtype=torch.int32)"
599,"tensor(55, dtype=torch.int32)"
600,"tensor(214, dtype=torch.int32)"
601,"tensor(101, dtype=torch.int32)"
602,"tensor(255, dtype=torch.int32)"
603,"tensor(324, dtype=torch.int32)"
604,"tensor(268, dtype=torch.int32)"
605,"tensor(29, dtype=torch.int32)"
606,"tensor(105, dtype=torch.int32)"
607,"tensor(346, dtype=torch.int32)"
608,"tensor(115, dtype=torch.int32)"
609,"tensor(15, dtype=torch.int32)"
610,"tensor(2, dtype=torch.int32)"
611,"tensor(341, dtype=torch.int32)"
612,"tensor(321, dtype=torch.int32)"
613,"tensor(93, dtype=torch.int32)"
614,"tensor(122, dtype=torch.int32)"
615,"tensor(70, dtype=torch.int32)"
616,"tensor(359, dtype=torch.int32)"
617,"tensor(276, dtype=torch.int32)"
618,"tensor(95, dtype=torch.int32)"
619,"tensor(220, dtype=torch.int32)"
620,"tensor(142, dtype=torch.int32)"
621,"tensor(243, dtype=torch.int32)"
622,"tensor(181, dtype=torch.int32)"
623,"tensor(41, dtype=torch.int32)"
624,"tensor(167, dtype=torch.int32)"
625,"tensor(6, dtype=torch.int32)"
626,"tensor(48, dtype=torch.int32)"
627,"tensor(124, dtype=torch.int32)"
628,"tensor(133, dtype=torch.int32)"
629,"tensor(253, dtype=torch.int32)"
630,"tensor(224, dtype=torch.int32)"
631,"tensor(346, dtype=torch.int32)"
632,"tensor(228, dtype=torch.int32)"
633,"tensor(105, dtype=torch.int32)"
634,"tensor(216, dtype=torch.int32)"
635,"tensor(123, dtype=torch.int32)"
636,"tensor(110, dtype=torch.int32)"
637,"tensor(36, dtype=torch.int32)"
638,"tensor(275, dtype=torch.int32)"
639,"tensor(109, dtype=torch.int32)"
640,"tensor(309, dtype=torch.int32)"
641,"tensor(170, dtype=torch.int32)"
642,"tensor(201, dtype=torch.int32)"
643,"tensor(342, dtype=torch.int32)"
644,"tensor(242, dtype=torch.int32)"
645,"tensor(142, dtype=torch.int32)"
646,"tensor(304, dtype=torch.int32)"
647,"tensor(290, dtype=torch.int32)"
648,"tensor(256, dtype=torch.int32)"
649,"tensor(313, dtype=torch.int32)"
650,"tensor(88, dtype=torch.int32)"
651,"tensor(106, dtype=torch.int32)"
652,"tensor(232, dtype=torch.int32)"
653,"tensor(145, dtype=torch.int32)"
654,"tensor(130, dtype=torch.int32)"
655,"tensor(336, dtype=torch.int32)"
656,"tensor(38, dtype=torch.int32)"
657,"tensor(358, dtype=torch.int32)"
658,"tensor(284, dtype=torch.int32)"
659,"tensor(295, dtype=torch.int32)"
660,"tensor(341, dtype=torch.int32)"
661,"tensor(238, dtype=torch.int32)"
662,"tensor(169, dtype=torch.int32)"
663,"tensor(55, dtype=torch.int32)"
664,"tensor(132, dtype=torch.int32)"
665,"tensor(41, dtype=torch.int32)"
666,"tensor(309, dtype=torch.int32)"
667,"tensor(224, dtype=torch.int32)"
668,"tensor(190, dtype=torch.int32)"
669,"tensor(172, dtype=torch.int32)"
670,"tensor(253, dtype=torch.int32)"
671,"tensor(281, dtype=torch.int32)"
672,"tensor(121, dtype=torch.int32)"
673,"tensor(149, dtype=torch.int32)"
674,"tensor(222, dtype=torch.int32)"
675,"tensor(166, dtype=torch.int32)"
676,"tensor(104, dtype=torch.int32)"
677,"tensor(289, dtype=torch.int32)"
678,"tensor(176, dtype=torch.int32)"
679,"tensor(147, dtype=torch.int32)"
680,"tensor(177, dtype=torch.int32)"
681,"tensor(2, dtype=torch.int32)"
682,"tensor(218, dtype=torch.int32)"
683,"tensor(357, dtype=torch.int32)"
684,"tensor(140, dtype=torch.int32)"
685,"tensor(298, dtype=torch.int32)"
686,"tensor(359, dtype=torch.int32)"
687,"tensor(269, dtype=torch.int32)"
688,"tensor(38, dtype=torch.int32)"
689,"tensor(280, dtype=torch.int32)"
690,"tensor(210, dtype=torch.int32)"
691,"tensor(254, dtype=torch.int32)"
692,"tensor(180, dtype=torch.int32)"
693,"tensor(353, dtype=torch.int32)"
694,"tensor(10, dtype=torch.int32)"
695,"tensor(315, dtype=torch.int32)"
696,"tensor(21, dtype=torch.int32)"
697,"tensor(307, dtype=torch.int32)"
698,"tensor(173, dtype=torch.int32)"
699,"tensor(290, dtype=torch.int32)"
700,"tensor(180, dtype=torch.int32)"
701,"tensor(347, dtype=torch.int32)"
702,"tensor(217, dtype=torch.int32)"
703,"tensor(336, dtype=torch.int32)"
704,"tensor(89, dtype=torch.int32)"
705,"tensor(213, dtype=torch.int32)"
706,"tensor(249, dtype=torch.int32)"
707,"tensor(126, dtype=torch.int32)"
708,"tensor(179, dtype=torch.int32)"
709,"tensor(275, dtype=torch.int32)"
710,"tensor(211, dtype=torch.int32)"
711,"tensor(22, dtype=torch.int32)"
712,"tensor(269, dtype=torch.int32)"
713,"tensor(238, dtype=torch.int32)"
714,"tensor(318, dtype=torch.int32)"
715,"tensor(137, dtype=torch.int32)"
716,"tensor(173, dtype=torch.int32)"
717,"tensor(85, dtype=torch.int32)"
718,"tensor(186, dtype=torch.int32)"
719,"tensor(26, dtype=torch.int32)"
720,"tensor(44, dtype=torch.int32)"
721,"tensor(114, dtype=torch.int32)"
722,"tensor(276, dtype=torch.int32)"
723,"tensor(323, dtype=torch.int32)"
724,"tensor(18, dtype=torch.int32)"
725,"tensor(74, dtype=torch.int32)"
726,"tensor(217, dtype=torch.int32)"
727,"tensor(333, dtype=torch.int32)"
728,"tensor(111, dtype=torch.int32)"
729,"tensor(213, dtype=torch.int32)"
730,"tensor(31, dtype=torch.int32)"
731,"tensor(54, dtype=torch.int32)"
732,"tensor(258, dtype=torch.int32)"
733,"tensor(239, dtype=torch.int32)"
734,"tensor(241, dtype=torch.int32)"
